{"approach1":[
  {
    "title": "Be Different",
    "description": "Analizamos tu marca para diseñar y ejecutar estrategias efectivas, con el propósito de generar mayor rentabilidad.",
    "icon": "/img/hero/monograma-bcentral-svg.svg"
  },
  {
    "title": "Be Unique",
    "description": "Cada marca tiene una historia que contar y nosotros queremos ayudarte en hacerla realidad. No somos una agencia más, somos tu equipo de trabajo.",
    "icon": "/img/hero/monograma-bcentral-svg.svg"
  },
  {
    "title": "Be Strategic",
    "description": "Nuestra misión es trabajar en conjunto y planificar estrategias acorde a tus objetivos empresariales.",
    "icon": "/img/hero/monograma-bcentral-svg.svg"
  }
]
}