[
  {
    "title": "Software development",
    "num": "/ 01",
    "hoverImage": "/img/illustrations/600x730_cpb-01.webp",
    "mainImage": "/img/illustrations/1200x800_cpb-01.webp"
  },
  {
    "title": "Web app development",
    "num": "/ 02",
    "hoverImage": "/img/illustrations/600x730_cpb-03.webp",
    "mainImage": "/img/illustrations/1200x800_cpb-03.webp"
  },
  {
    "title": "Mobile app development",
    "num": "/ 03",
    "hoverImage": "/img/illustrations/600x730_cpb-02.webp",
    "mainImage": "/img/illustrations/1200x800_cpb-02.webp"
  },
  {
    "title": "UI/UX design",
    "num": "/ 04",
    "hoverImage": "/img/illustrations/600x730_cpb-04.webp",
    "mainImage": "/img/illustrations/1200x800_cpb-04.webp"
  },
  {
    "title": "Software testing",
    "num": "/ 05",
    "hoverImage": "/img/illustrations/600x730_cpb-05.webp",
    "mainImage": "/img/illustrations/1200x800_cpb-05.webp"
  },
  {
    "title": "Generative AI development",
    "num": "/ 06",
    "hoverImage": "/img/illustrations/600x730_cpb-06.webp",
    "mainImage": "/img/illustrations/1200x800_cpb-06.webp"
  },
  {
    "title": "Data engineering",
    "num": "/ 07",
    "hoverImage": "/img/illustrations/600x730_cpb-07.webp",
    "mainImage": "/img/illustrations/1200x800_cpb-07.webp"
  }
]
