[
  {
    "number": "",
    "suffix": "",
    "description": "Creamos y fortalecemos comunidades digitales para aumentar la conexión con tu audiencia.",
    "image": "/img/hero/star-hero-home-ye.webp",

    "imageWidth": 800,
    "imageHeight": 800,
    "button": {
      "text": "Conecta",
      "href": "/contact",
      "iconClass": "ph-bold ph-arrow-up-right",
      "btnClass": "btn btn-anim btn-default btn-outline opposite slide-right-up"
    },
    "cardClass": "mxd-stats-cards__inner align-end bg-accent radius-m padding-4",
    "counterId": "stats-counter-1",
    "numberClass": "mxd-counter__number mxd-stats-number opposite",
    "descrClass": "mxd-counter__descr t-140 t-bright opposite",
    "imageClass": "mxd-stats-cards__image mxd-stats-cards-image-1",
    "colClass": "col-12 col-xl-5 mxd-stats-cards__item mxd-grid-item anim-uni-scale-in-right"
  },
  {
    "number": "",
    "suffix": "",
    "description": "Impulsamos tu marca con creadores de contenido estratégicos y audiencias comprometidas.",
    "image": "/img/illustrations/phone-bcentral-home.webp",
    "imageWidth": 800,
    "imageHeight": 800,
    "avatars": [
      {
        "src": "/img/avatars/300x300_ava-02.webp",
        "alt": "Avatar",
        "width": 300,
        "height": 300
      },
      { "svg": true },
      {
        "src": "/img/avatars/300x300_ava-01.webp",
        "alt": "Avatar",
        "width": 300,
        "height": 300
      }
    ],
    "cardClass": "mxd-stats-cards__inner align-end bg-base-tint radius-m padding-4",
    "counterId": "stats-counter-2",
    "numberClass": "mxd-counter__number mxd-stats-number",
    "descrClass": "mxd-counter__descr t-140 t-bright",
    "imageClass": "mxd-stats-cards__image mxd-stats-cards-image-2",
    "colClass": "col-12 col-xl-7 mxd-stats-cards__item mxd-grid-item anim-uni-scale-in-left"
  },
  {
    "number": "",
    "suffix": "",
    "description": "Diseñamos experiencias únicas que conectan tu marca con su público objetivo.",
    "image": "/img/illustrations/bcentral-robot-1.webp",
    "imageWidth": 800,
    "imageHeight": 800,
    "button": {
      "text": "Un nuevo comienzo",
      "href": "/contact",
      "iconClass": "ph-bold ph-arrow-down-right",
      "btnClass": "btn btn-anim btn-default btn-outline slide-right-down"
    },
    "cardClass": "mxd-stats-cards__inner bg-base-tint radius-m padding-4",
    "counterId": "stats-counter-3",
    "numberClass": "mxd-counter__number mxd-stats-number",
    "descrClass": "mxd-counter__descr t-140 t-bright",
    "imageClass": "mxd-stats-cards__image mxd-stats-cards-image-3",
    "colClass": "col-12 col-xl-7 mxd-stats-cards__item mxd-grid-item anim-uni-scale-in-right"
  },
  {
    "number": "",
    "suffix": "",
    "description": "Gestionamos y representamos talento con estrategias personalizadas, maximizando su proyección y oportunidades en la industria.",
    "image": "/img/illustrations/astronauta-bcentral.webp",
    "imageWidth": 800,
    "imageHeight": 800,
    "button": {
      "text": "Contacto",
      "href": "/contact",
      "iconClass": "ph-bold ph-arrow-up-right",
      "btnClass": "btn btn-anim btn-default btn-outline slide-right-up"
    },
    "cardClass": "mxd-stats-cards__inner bg-base-tint radius-m padding-4",
    "counterId": "stats-counter-4",
    "numberClass": "mxd-counter__number mxd-stats-number",
    "descrClass": "mxd-counter__descr t-140 t-bright",
    "imageClass": "mxd-stats-cards__image mxd-stats-cards-image-4",
    "colClass": "col-12 col-xl-5 mxd-stats-cards__item mxd-grid-item anim-uni-scale-in-left"
  }
]
