[
  {
    "question": "What services do you offer?",
    "answer": "We provide a comprehensive range of digital solutions, including website design and development, branding, digital marketing, e-commerce solutions, SEO, content creation, and ongoing support. Whether you need a new website, a brand refresh, or a digital marketing strategy, our team is equipped to help your business grow online."
  },
  {
    "question": "How long does a project take?",
    "answer": "Timelines vary based on project complexity. A simple website may take a few weeks, while a full-scale brand identity or custom development project could take a few months. We provide clear deadlines and keep you updated at every stage."
  },
  {
    "question": "Do you work with businesses of all sizes?",
    "answer": "Yes! We collaborate with startups, small businesses, and large enterprises across various industries. No matter your company's size or stage, we tailor our services to meet your specific needs and goals."
  },
  {
    "question": "Can you redesign my existing website?",
    "answer": "Absolutely. We specialize in website redesigns to improve user experience, modernize your brand, and optimize performance. We'll work with you to understand your vision and business objectives, then transform your current site into a powerful digital asset."
  },
  {
    "question": "Can you help improve my website's search engine ranking?",
    "answer": "Our SEO experts use proven strategies including keyword research, on-page optimization, link building, and content creation to boost your website's visibility and ranking on search engines like Google."
  },
  {
    "question": "Do you provide ongoing support and maintenance?",
    "answer": "Yes! We offer ongoing website maintenance, performance monitoring, and digital marketing support to ensure your online presence remains effective and up-to-date. Our support packages can be tailored to your needs."
  },
  {
    "question": "How do we get started?",
    "answer": "Getting started is easy! Simply contact us through our website or give us a call. We'll schedule a discovery call to discuss your goals, challenges, and project requirements. From there, we'll provide a proposal outlining our recommended approach, timeline, and next steps."
  }
]
